x1,x2,x3,y
-1.0,-1.0,-0.49106576414672287,4.649368918713859
0.3166091727352991,0.5940512231014903,0.4205416467097065,1.3844531352714058
0.5775089253784134,-0.16241505430632297,0.5725529736951787,0.7257966427956002
-1.0,1.0,-0.7969024644696721,14.219349840512775
0.704667315715928,1.0,-0.4343802623445807,11.890740134374738
0.53961353369017,-0.7704752368014267,0.2851517778094028,0.32605024320058257
0.788948393698446,1.0,0.7928395894598674,11.244135914774702
0.15311464280799836,-0.2057408284801896,0.7653001355929776,0.18553918056689858
-1.0,0.4961533974119372,-0.9361370334336674,12.512434042768454
0.4418133604130523,-1.0,0.28732319600375456,0.2868982537230252
-0.317417073312926,-1.0,0.21462419666815014,3.0204211866378547
-1.0,1.0,0.48591971288083746,1.4837080203449096
-0.6148700329725478,-1.0,0.26711155893559524,4.8480202430073955
-1.0,0.6514877426719967,-0.6175847602886388,4.048729893117881
0.16129328539601984,1.0,-1.0,4.951195067035331
0.6187611330897878,1.0,-0.18574965088393935,9.831657302190088
0.9821859084823505,-0.7942254002568032,0.26290130009580936,1.3428437667205464
-0.3855027731358325,-0.5624393468249775,-0.038403825393841906,1.5892171293563433
-0.36898881179795584,0.7313522452818146,-0.05341911021810719,0.39367325559470817
-0.33121586062076425,-0.694416529999327,-0.19923638695287726,1.2998296074484519
-0.20062025677938955,0.18622913244766037,0.054935656927372456,0.3465376064116388
0.7844599001262391,-0.46586845027183577,0.7505417541458861,1.5563039243416166
1.0,-0.9710707056956023,0.5835879329951719,-4.6359403133055
-0.4157687909917467,0.7968025031250814,0.9839544777049971,8.753903754257706
-0.7064004388984366,0.5035140981043595,1.0,4.068769341661934
-1.0,-0.5251061053267199,-0.3048416327835304,-1.3593105146678424
-0.005548713946340378,-0.48397200919954697,-1.0,-4.655533993808418
-1.0,-0.039693034232682445,1.0,3.374316283161922
0.385129606685648,0.04388004019123293,-0.06814887382677326,1.0689762250674313
0.43423839890927773,-0.6611440564387254,0.8812934483561261,-1.813827424013394
-0.693260378403616,0.09792486395822397,-1.0,2.3659844387463465
-0.08501470647302267,-1.0,-1.0,-16.2010303176237
-1.0,-0.7848079997919455,-0.2859232858047853,2.3290361446059946
-0.1888538441135954,0.1677433114803235,-1.0,-2.628313248002791
1.0,0.2830852408582698,1.0,17.928765493518
-0.2816888057562903,0.20256153882898897,-1.0,-2.7480143452762755
0.3830680040823078,0.1411106536813702,1.0,1.1341359448365909
-0.8139394227189898,-0.24053322967913826,-0.9190872742873892,3.900532339959856
0.2721552594580645,-0.43387384243557303,0.6018302966670663,0.6712620887830261
-0.3222775935009303,1.0,-0.784663800271473,6.7215747544881586
0.4429174047102389,-0.746091855805465,0.24346093907927235,0.20941402646878726
0.13873056860535593,0.15863550007540295,0.48370277279713947,0.8176794886080929
0.2535541220113844,0.028354893946449966,-0.31634157449601785,0.683601449317152
-0.22499159117041412,0.4780384558553812,-0.2909339956756647,-0.5037016048976853
-1.0,1.0,1.0,17.70952989303629
-1.0,0.4060398535069669,0.0837945780055307,-4.274098695901741
-0.6620906182318349,0.28749659165717656,0.6443999023081717,-0.6077242337978981
0.2774571979423923,0.12007225845014169,0.23703510796919502,0.8853038443491958
0.06091259110556435,0.41624541912934476,0.1654965945766469,0.2678346554568436
-0.13989985608724953,0.8657726023411052,-0.5250216478284007,3.620942863316993
-0.2554961789319168,0.07833360876496775,1.0,1.1254905372571564
0.04010151152291064,0.4349735096218066,-1.0,-3.896903035558543
-1.0,1.0,-0.4374414696866684,11.54145487961835
0.3887545225972928,-1.0,0.5556176121196241,-0.134579546000151
0.5367455800765029,0.10799893612797651,-0.1284216036560586,1.0886554836903635
-1.0,-1.0,0.418158516528343,10.916281675315771
-0.1886191564458064,0.0799506712837279,1.0,0.4722999792953552
-1.0,-1.0,-0.36859316260512043,5.103147133876346
1.0,-0.8582640195328108,-1.0,-11.006468808035342
-0.40365625831561047,0.364449541005744,0.514355003737708,-1.0255128454644187
-0.8500590379403541,-0.516231900931865,0.26405499227326357,0.8412888929015836
1.0,-0.287529658874915,-0.3544024680820017,4.094533232738377
-0.24569110321450927,-0.7321505428587154,-0.683154579926365,-0.1431653713325191
1.0,1.0,0.8943286386515885,21.278491348563737
0.20962854302299005,0.8684368201048946,-0.02437665297827407,3.679822967035107
0.18965199764309992,0.18146285811124718,0.05798713979294656,0.5134971865548328
1.0,0.18775474340452036,-0.7314752328021654,6.800525764883121
-0.16157084180991999,-0.38030782757819015,-0.24523640131887348,1.030696916624856
0.467024359997926,1.0,-0.024743479592972628,8.415137817066585
0.11899096512995166,-0.7521623930337737,0.10478992484446659,2.2628498135364588
1.0,-1.0,1.0,-9.310926500966406
-0.0035432058514088816,1.0,-0.2597933825750849,8.689061763249292
0.5797315101758915,1.0,0.826305320316074,8.143298931582272
-1.0,-1.0,0.2971812456326346,9.988748832075451
-0.4006621606032559,-0.4424972713487729,-0.4490564441728777,1.7606082639924572
0.4149754973580744,-0.6139539769388438,-0.6337600243440493,0.6138710707035495
-0.6511184349522599,1.0,-1.0,0.4104919120864642
1.0,0.9972291083339087,-1.0,39.07122273360647
-0.1383825001023664,0.2363992499987999,0.22030067971954748,0.24186515658225713
1.0,0.17714268800523025,-0.3505291595411866,4.281862956758934
-0.9009756981700114,0.21402694968466673,-0.05239620124126554,-3.5387601520849348
-0.4172508255130898,-0.4618142895599733,0.8558689670879744,0.3487982208005421
0.7681541488570751,-0.1769874484763836,0.2859309678931401,2.9724093206646045
-0.5555478605043485,-0.10097065691803997,-0.03420984058881871,-0.8147453608718032
1.0,-0.37473949778320037,0.042830897177919214,4.696075645020148
-0.2426574401002557,0.8907779849179487,-0.0403676255940868,3.3678904020352878
-1.0,-1.0,0.2317457189193166,9.74228006061549
0.2566955295944149,-1.0,-1.0,-19.144705052916798
0.7877471481461176,-1.0,-0.5253514326010849,-6.455721750057797
0.19171565936886226,-0.9668312241275778,-1.0,-16.626260942471546
0.47063683685980373,-1.0,-0.9039859092292426,-16.137436619033487
-0.12872364298059513,-1.0,0.43207904197476776,2.363943942584663
-0.07285613151077275,-0.20149137000217476,0.3837727357860443,0.3643379686456889
0.3578061771327288,-0.5227441562346966,0.23698442171684575,0.6169274303501275
-0.8940590721870441,-0.05828111982462736,0.10527444065892211,-2.4317964625957678
-0.5939306665713553,-0.68076086713486,0.614266549848367,2.063555278139437
0.32812279535228184,0.4636407561368121,-0.680959642985308,0.16942956877323012
-1.0,-0.5423179643590281,-0.2925829889105611,-0.2495527579323723
-0.25919663322375075,1.0,-0.18337594547882952,7.454813486151924
0.4269721693887607,-0.05704071460987126,-0.8009589578229426,0.4217774981291777
-1.0,0.8913671328686041,1.0,13.824301856740439
-1.0,0.22727174247227833,-1.0,14.312911307587243
0.13267204908454677,0.4196830482595606,-0.19529694528449348,0.22544076450772677
0.29144320229060083,-1.0,0.82670628756884,-3.0399577441665087
1.0,-0.5806260665536331,0.8888372065478451,3.8705351691112004
-1.0,-0.7726870400162615,0.5588431142259549,6.018860019756943
0.5226656835782668,1.0,-0.4336877384477227,10.236382357995225
-0.27740374843629567,-1.0,0.12485201446603345,3.3887406431221767
-1.0,0.00012831042077054988,0.27433314023831623,-4.393764142478024
1.0,0.3985037619103595,0.047141825472727605,5.421423583601225
-0.015337726469873303,0.31603296234148126,-0.41270746392897717,1.1042314205426382
0.08605546249799723,-1.0,0.21041791941786991,1.8646000681731818
-1.0,1.0,-0.8919900596842205,16.747681908759148
0.3505065492864041,-0.7637624852764444,-1.0,-10.430900816136624
-0.5257328771328116,-0.46006727888652543,0.8966406445284958,1.1485020728512372
0.577553146740273,-0.6768184645059994,0.003166562574121734,-0.36988704397792804
-0.8013083931285212,0.06917336479110325,-1.0,4.200919216916881
-0.4105504735521184,1.0,0.5197880215586335,6.991059870861496
-0.49287241359902545,-0.6607090403158509,-1.0,-3.686391838484507
-1.0,1.0,-1.0,22.298872351759925
0.36152640512628875,-1.0,0.23429030969122455,1.1950084378416872
0.9131598620140993,0.04611840847144366,0.7700630845156253,6.6685812373760065
0.709516441583318,0.723934295765372,1.0,9.761662620936253
-1.0,-1.0,-0.7875123370608192,2.36108329049715
0.0648878452132462,0.6102200240511655,-1.0,-3.770370788373317
0.10818869403302411,-0.4995847703305132,1.0,-2.51110339987385
-0.37896992585613076,-0.7098365649814788,-0.4951327474927627,1.5336074295292765
-0.007974311306915949,1.0,1.0,12.91812687375015
-0.2164973427018122,1.0,0.517452100040104,7.266945101614951
-0.9143341291223783,1.0,0.2753394656563275,2.7525001970724023
1.0,0.15375996443541862,-0.8486003168488587,7.700262493226378
0.20492520178413454,0.09687673089948112,1.0,-0.5071820152156334
0.3544851841889347,-0.10171333770154112,0.40219172428326067,0.7284829741955654
0.3999407657958127,0.237364318166724,-0.912851167429483,-0.5285462510872386
-0.3105098558283459,-0.28743923034162555,-0.1671568904693539,0.7594003627660604
0.8441839624226739,0.4279515027060403,-0.6765878214959409,2.2912417271076713
-1.0,0.32303165811976475,-0.7970065405600693,5.2971964819318105
1.0,-0.945391236720226,1.0,-6.07547143674977
-0.34358905757226954,0.2933426872747871,-0.23028534898085096,-0.7711938629771644
0.1001350322010488,-0.8929281736464423,0.443706656442747,1.511098814369349
1.0,0.10801683795595096,1.0,14.380036625553394
-0.5946853286556524,-0.11569974102943248,-0.4739255787239278,0.44715388548961144
0.1495211982773299,-0.6387514210963456,-0.4208325413880496,1.3840649781976424
-0.700168531907456,0.5984462028241535,-0.1017307602049835,-2.874362679406181
-0.8145526175714002,-0.9195945247080066,0.7469647256592715,7.341387416000792
-0.3044996738125787,1.0,-0.2137937151115128,7.577627826929323
1.0,-1.0,0.558070145898252,-6.039320216425619
-1.0,-0.9478243224379284,-0.1873104648942634,6.16654595567694
-0.05703891446331277,-1.0,-0.3203523349767856,2.5435226201654757
-0.4122217347278423,-0.24749421176720832,0.17859512598149596,0.45631009690635427
-0.40562540289839677,0.0012499606658251672,0.24493222737280074,-0.24143652593424308
0.6002791525691415,0.09907936394067351,-1.0,-2.0190326312112026
0.9482286275374621,1.0,0.36846092848265655,10.880672440611889
0.5343442285982998,0.0011483500367988064,-0.9795454316731609,-2.015048924510517
-0.8791270105180073,0.8428561183623795,-0.8491185539521184,3.406322662323364
0.5105971226366652,0.7669416352695435,-0.9106992396290563,-0.5472249685731236
0.9109532679273602,-0.4748591993371336,0.08645513551094175,2.268946596408696
-0.42692534776895386,0.5562763298564952,1.0,5.260501236857208
0.27876803957254337,-0.6080846491122469,0.028181271239567707,1.394348731009576
1.0,-0.7144538262869684,0.11409701433203345,3.2690146229685406
-0.695783247083249,0.11780998309480917,-0.3045853380292176,-1.5124474128430148
1.0,-0.5825984063699845,-1.0,-0.7307852660086747
-1.0,1.0,0.09477421834864397,7.027459879352766
-0.057910786816967263,-0.6277315570861326,-0.959346794454728,-5.255050930256221
0.6938240563043632,-1.0,-0.4116971779241678,-3.6689564971832405
0.9118837568288389,0.8851602884085252,0.42265522093276275,8.33536936566207
-0.13801369579141354,-0.4918659607636986,-1.0,-4.887194680816917
1.0,-0.8378020182246433,0.05209475668845087,-0.27207317366474826
0.046172600139026354,-1.0,-0.056235782794831435,1.904713360853462
-0.6637530420729951,-0.29238471399324206,0.10025594602079613,0.29389521764173465
0.07993934722741969,1.0,-0.21741747422637236,8.393376043810767
0.15088998330008296,0.036819945624360084,-0.5432165073167059,1.4847102191607888
-0.5692706861968153,0.4752453030481043,0.38082473726574384,-1.576681680553567
0.7100814563893929,1.0,1.0,11.699487808856295
0.05402698882249135,0.47652168176068277,1.0,3.9458749260206916
-0.24149718302727008,-0.20010210749373658,-0.3963176626451774,0.3348840218853834
-0.11828745602623858,1.0,0.32808869789063855,6.946249072970518
0.02833956598721943,0.004675590794859685,1.0,0.18090042921559574
1.0,-0.2330533602511642,0.07864165366347464,4.708897505460702
0.2931480747698656,0.23997210412400927,-0.21443218201583347,1.0250260780199791
-0.21342791282603346,-0.4940885312168124,0.3428581318444506,1.29218956561688
0.816080291321118,1.0,0.31788212680826944,9.757779246292138
1.0,-0.3982433118531761,-0.49415841205334066,4.552284018929164
-0.08800280765513291,1.0,-0.8612445577838477,7.587922629388688
1.0,-0.09548662453234225,1.0,10.685017824109066
-1.0,0.08552793337840359,-0.6582842631759063,0.32820543605637487
0.6093842679226376,1.0,0.038777844351380875,7.138033246002004
0.01584644521747225,-0.17768417909623868,-0.5860158429507549,1.2020050052247422
-0.1347032943082298,-0.7974409763921266,-1.0,-10.467250247144454
-0.9815503457703048,-1.0,-0.8962494275449033,2.1265431645616713
0.8289781000736489,-1.0,-1.0,-27.511009948165196
-1.0,-1.0,0.4739115497152684,11.59656327584857
0.11201654049946086,-1.0,0.04922343553082631,2.5965915610215795
-0.49927195225412757,0.05466257849811318,0.9973616955137727,1.3532586661642618
0.38518129965017844,0.8171704044363579,1.0,7.517757650143311
1.0,-0.07392644294053818,-0.5674172435393443,5.130140503243022
-0.24755282507695986,0.9232381001339034,-0.7925453878801374,2.835673356903343
-0.026320637934051705,-0.7785765894653176,0.8550824750041139,-1.720205238510378
0.7699917774809006,-0.20036325980809577,0.24578180535804406,3.4696574748721494
0.798828220457384,-0.2719558645082809,-0.4849196572986383,1.7042350812319227
-0.6776151791528635,-0.6908471037131825,0.9120341665979874,3.220048621807779
0.24378764133984276,0.6007251592376528,1.0,4.271818179629313
-0.3164155177645609,-0.4522713844191564,-0.041010860786133696,0.838823448849403
0.06878718228614944,0.9402000803526112,1.0,10.308344254354315
-1.0,1.0,-0.870633790074699,15.990075169310002
-1.0,-0.8948382101131989,-0.7144757732325109,3.192717552864313
-1.0,-0.7251129540927428,-0.6265762775190964,1.7514257726003488
0.6124470925367593,-0.7529169826949165,-0.004155346661288695,-0.006126827741501417
0.027923117778196227,-1.0,-0.8010345421827532,-8.34372746276734
0.7156898485948535,1.0,0.4932020902978189,7.262837897003402
0.7197202053560199,-0.38890285279678993,-1.0,-3.8269099800968815
-0.26964452700728203,0.9092131038556766,-1.0,-1.838211887529177
-0.19861460343213388,0.7413612128702853,1.0,6.708012386373016
-0.9899679810129793,-0.46103709795440095,1.0,7.591172859659953
-0.6531409090775533,1.0,-0.6663019474296619,3.3692094651813953
0.1306664578529,0.5550838476388416,0.488807555666086,1.2862281450096371
0.6817690482612564,-0.8021011137238894,-0.10285837462905345,-0.10316422499055056
-1.0,-0.41893907220294446,1.0,6.87216391814435
-0.9492909608427573,0.8552749657183594,-1.0,14.118350247389744
0.7683391081127546,-0.09990540897977884,0.2973124885948717,2.937757161446809
1.0,-1.0,0.5020471858738762,-6.7616688763385735
-0.6216614205454036,-1.0,-0.4718688358741936,2.380235356275308
-0.43870427264889233,0.7061576390641424,-1.0,-4.278358615681753
0.7667704003732061,-1.0,0.5476264095014582,-2.8917867602344423
-0.5536776964596031,-0.3685453746044709,-0.20227987071174125,0.8617127634872224
0.06986203723748918,0.6533752729402795,-0.8446158833463042,-0.5023883051118531
-0.9722783885080335,-0.03783828724227756,-1.0,10.297725327854936
-0.4165509892031327,0.80616578761625,-0.6975566934254165,-0.9504830239716846
-0.4497998284176159,1.0,-0.43816680595415547,6.141734439950986
1.0,0.4290998249379194,-0.7389416980877082,7.427543521825183
0.6529775585567179,-0.5146769392720407,-0.18032350871463465,0.7047678958489471
1.0,-0.5999432544497667,-0.620438596244222,4.294501927831188
-0.8800991166547363,-0.16436016004442577,0.14217955610364497,-1.9077882241418338
-0.8678049139669175,-0.7960159108953153,0.8993190909820903,7.32651004772246
0.34905092064762533,-0.10277482539205196,0.6803668113663504,0.318502264479934
0.21119392609126875,-0.5403065306343624,-0.0638111484608257,1.599880598701747
-0.22344164325462978,-0.7634542482384918,0.37360668938291064,1.350741447903614
-0.2840985234465834,-1.0,0.013858763065571988,3.1788355255939886
0.5332740933917013,-1.0,0.08050965172683155,-0.09077445280650336
-1.0,-0.4114169837380226,0.3040678030686035,-1.812180920578503
1.0,-0.062264266912249955,-0.84551070873605,7.307837617168651
-0.876660493977304,-0.5496379057499021,0.9344869294686278,5.448734210657643
0.5260263662239342,-0.29951723068598324,-0.6806334884020642,1.2779508593456406
0.0923036840501612,0.22019335645846905,0.5541540834046208,0.02455744937898713
-0.6338077681496708,0.04853102433062584,0.1641842401059319,-1.3951716327493253
0.10041315582059562,-0.7604772960001649,-0.5589093643085801,1.0039624609885602
0.680917038920946,-0.5110361532820722,-0.2583136740735883,1.2354656516115927
-0.48588758215787897,-0.568851234991955,-0.4084420164082436,1.2299778755533741
0.7745182355749309,0.8736071517918425,0.1413139771340275,5.42176206309839
0.24684332095670825,1.0,-0.2919220795251587,9.765930791155602
-0.16302559530712646,-0.8651527944931949,0.25786860454485927,2.213883215667386
-0.6500077315043906,-1.0,0.3380751597468701,5.139398083836622
0.9901732040951843,-1.0,0.12995053301534853,-7.381327638251245
1.0,-0.5545386939018493,0.4532948544912516,4.075757728224122
0.85291651172014,1.0,-0.1458777834499847,10.775628253862871
0.05933317235268487,1.0,-1.0,4.138187068784066
1.0,-1.0,0.03053857391460224,-7.284604839366196
-1.0,-0.046077961291282055,0.7450435990338349,-1.839314823588428
0.2043886060952702,1.0,-0.031971499584310115,8.393162082186485
0.5080210188168268,0.5723420546550582,1.0,4.422407051320318
1.0,-1.0,1.0,-10.164773573901886
0.8590466839182105,-0.10595761640990142,0.6115273188310495,3.6090664523553113
-1.0,-0.4586957067652593,0.7800650465800454,3.802466026566788
-0.7997184825321508,1.0,0.5167538667519267,2.965083343414521
-0.880630554065948,-0.5662161694346941,1.0,7.053681225596855
-0.2253542874344734,-0.49931022991034935,0.16727644944871622,0.4975215489165586
-0.410704782319945,0.5019266512197038,-0.6664039619795223,-1.8096919322638667
-0.06637546509056058,0.5912645948683284,-1.0,-4.411777043572908
0.355146609076908,-0.41075222720133153,-1.0,-4.9391224834291005
0.40728459474057566,0.4958839961155892,0.23770906886358523,-0.27283853149866255
-0.8733164925361265,-0.04641281331834102,-0.08966596564049811,-2.6572940017439017
-0.026303017519812677,-0.5096557214347508,1.0,-0.9756806912336172
-0.9947724753981348,1.0,0.8626576952858223,6.220315517737727
1.0,0.2326238738442692,-1.0,10.020148392854445
1.0,-1.0,1.0,-8.629095766625008
0.3359378615370041,-0.42858505032511074,1.0,-1.7860389459637749
0.8758288246739334,0.642468102036718,-0.48865975907186665,2.629159958843196
1.0,1.0,-0.5735530105261963,21.87039744485801
-0.9075272096541083,0.10713071646485006,0.22689342624336217,-3.4177471567241873
-0.913889136019973,-0.43658824864981294,-0.6156029847754192,0.023998091584593317
0.2576123556318899,-0.5020143176638221,-0.18895580666538292,1.344637680598916
0.3895548888766531,-0.2045602706029901,0.6119226094065482,-0.02092634889380618
0.9475400236393035,0.44765212781989727,-1.0,6.987011034413257
0.5649772469813898,0.620061512105019,-0.6185426614089871,0.20869935034730713
0.04722804886991705,-0.05258097390917382,-0.5111601287148748,0.4180106968925718
-0.16561305976996543,-0.2568964038678012,-0.0700759329929106,1.2574883967503498
1.0,0.41826612800265783,1.0,20.40006820153386
-0.6932955988091869,-0.32345146717021045,-0.8024653497698111,0.5425394431170595
-0.19848652762607188,-0.8824555958472711,0.1297243290065213,1.904982198336708
-0.017258664066349017,-0.23726120740304046,0.007906909289784991,1.364386282364992
0.6894386300361497,0.8797373261457071,-1.0,3.0141223935901515
-0.05406582298406337,-1.0,0.16466633682523257,2.2923381800269875
-0.034223073719216845,0.23180327062342965,-1.0,-2.4070227603373184
-0.512479470967145,-0.7330583999219331,-1.0,-4.521024274462546
-0.04320186706003315,0.677440821580725,0.7769602535134918,2.332340807943034
-1.0,-0.6030594702265772,-0.9313059562988875,3.6966574161794377
0.5128814045851118,-0.7800813010536016,-0.7712370540810554,-1.6667623985873221
0.6827668870266341,0.4208586339920759,0.07340229537497667,1.2267429833402401
-1.0,0.11249800542851407,-0.17266616522116873,-3.908833760140188
-0.14575999197573508,1.0,0.31979809245048907,7.313134332810782
0.18252841740851888,0.05079429682391701,0.020113803931060215,1.3194498363624079
0.3657582709753864,0.14289259697715462,-0.14923826400789886,0.4078002018887389
-0.3244406296071134,0.4101998326320948,-0.1888046217841437,-0.24476765181765092
0.777065231915081,-0.28811224754478615,-0.04036243639177206,2.4010484430784986
-0.6297202357114731,-0.20397824177330848,0.5158970805521415,-0.1049622272883658
-0.9979024085990444,0.4261520476342002,-0.8956046185421851,10.187896594945755
1.0,0.044179999601114295,-0.41760395667952377,3.835284556564644
-0.418430903792242,0.6686895142614235,-0.19702414936045543,-0.3718934919668178
0.22618783968003164,0.5892313295313074,-1.0,-3.4499042389462664
0.4219813891730564,-0.11243446668850199,0.5857734504437371,2.073846842525006
0.8515236804348669,0.1348425202921284,-1.0,2.119449219454174
1.0,-0.3541062505345751,-0.06489043251381976,3.501756001386439
-0.8744127529100516,-0.8402736463682017,-0.861694722965878,2.606932661950145
-0.59862656630397,0.2565738045557566,-0.5812520359021305,-0.32834781922528533
1.0,0.7240097846634121,-0.3424293450891345,5.765130590895527
0.4258596406931576,-0.47764546065628566,0.0036442958409561577,1.641256169003345
-1.0,0.636911668762147,-0.6969218158501744,5.6916016289576365
-0.02730184548169179,1.0,0.6170310280583498,8.198909484288347
-0.5909545578714592,-0.990451282395334,-1.0,-9.180662347993316
-0.8860877639579869,-1.0,-0.15100439895058093,6.945182410548759
-0.996838958575363,0.46571530495650193,-0.05813759225006887,-3.2499790892862306
0.5062568328925274,-0.10661838612187391,-0.027367064058905433,1.1670676353993938
-1.0,0.9751998961165427,-0.29842366332574133,9.366024583867844
-0.10048358567317295,0.41202873803904616,0.17361760947787497,0.4766019084670631
-1.0,0.37132221738721705,-0.33296730838573185,-1.9071081732915467
-1.0,-0.5737267435163571,0.9171602819648563,8.14076675335865
-0.6229291230746288,0.42683487335085624,-0.13012819172062495,-1.3908791173172408
-0.012756599632394838,-0.7735415953909384,-1.0,-8.863302172031496
0.9559219696634427,1.0,1.0,22.927332286090316
-0.5718736827591013,-1.0,0.4653241600969429,3.2529681131317045
-0.7088242555494491,0.815528351547893,1.0,10.853596185849973
0.563105182318816,0.3725224766455859,-0.31364448000122414,1.2356332615541439
0.9062138127718653,0.8467098622043014,-0.3525827521870164,6.466571145601712
0.6973928474577333,-1.0,0.9762457505185558,-6.285041620599399
0.9973444045561128,-0.37098521056364087,0.016684456439034934,3.9999782825938244
-0.9138215657464432,1.0,1.0,16.723353139373785
0.11421817234823584,1.0,-0.26308637427954595,8.67240606506108
-0.08471299602306215,0.28855560735809416,-0.2924912523298213,0.8320089662199501
-1.0,0.6477327150105674,0.8227023038448429,-1.02267522373399
-0.14404591781369414,0.9376271207215949,-0.9288068311046425,2.452242848700311
0.2783673395379187,0.7076097992834711,-0.6139064785357409,1.6602569695302964
0.6930861317867718,0.19450477639766062,-1.0,-0.3114593380312063
1.0,0.06534674892517289,0.041968229884330244,4.511793371776988
0.10145811150449302,-1.0,-0.20856091455282755,1.97641823722546
-0.8176452511667152,-0.3195368800454086,1.0,4.292410204041595
1.0,0.3336055006469909,0.6894234143884372,10.525781669913112
-0.47779483849613036,-0.21893467389994514,-0.04249238250443965,0.2575387504956169
-0.9656289792026249,0.11862517675521689,1.0,2.8958471281742257
0.4682558704082047,0.7883981975578034,-0.2924783523204182,2.8222110850959434
0.6080473095261554,0.2644465966204541,-0.3724633187837101,0.8518710034010231
-0.12913339229241694,-1.0,-1.0,-16.529585711752958
0.35239578031110685,-0.4245733267485108,-0.5028692962359926,1.8869236044819067
0.4559103906456392,0.12340200095328568,0.17395453759652613,1.1530071618514475
0.38369523622610413,-0.878762736715528,0.9520839960764367,-4.1824468952068035
-1.0,-0.22829597336909346,1.0,5.478142635667819
-0.7903858708798945,-0.8164250308462475,1.0,5.50179133714382
0.7713207108946092,-1.0,0.6860492865124534,-3.005106992602041
-0.19543104254720522,-0.17307237670086972,0.02116516622660236,0.5857979405504214
1.0,-1.0,0.3550949467250373,-7.679163747996497
0.8701020940376141,1.0,0.323603730473329,8.685978313827215
0.3649870484161257,0.9445760340341796,0.5736284189349377,5.963334685223859
-0.11947641598908754,-1.0,0.41767913968303394,2.328404016763997
-0.6084139204643741,-0.3331016669052085,-1.0,-0.06578450874718957
0.37687955917916827,0.030407215709019164,1.0,-0.1940795594571125
-1.0,-0.7503180785075667,0.5532105017152253,5.496049104333754
0.026153101200275808,1.0,-0.42263509564910384,8.458350261242355
0.5572932969486211,-0.2478598438885269,1.0,-2.1559881690435243
1.0,-0.3189351926835642,0.40396738289633216,5.147490524081573
-1.0,-1.0,-1.0,3.120065189739149
1.0,1.0,-0.13629805018030705,15.739575273586137
1.0,0.12065655557626465,-1.0,8.653325192325914
-0.8585001081019747,0.35277365549182194,0.15881789747327102,-3.5915715441006224
-0.12949062636201525,0.6858885913362853,-0.12444043836491647,0.5651181347748541
-0.5093372876603286,-0.22909263780029554,0.3864146137572826,0.23011172344174832
-0.18506659496637368,0.9109689873193276,0.13720127469555954,4.043636348377788
1.0,0.6304703916138781,-1.0,14.161770081964935
-0.5426560707105501,-0.7307080843662899,-0.1756745413580567,1.8941363570658285
0.3187243024820958,-0.22464937774963878,-0.3231070367110873,0.9017520733487769
1.0,-0.432741737754722,-1.0,2.7812299640315623
0.5593609243512119,-0.9443317242613956,0.34431981229137865,-0.09773581924397885
-0.36791248816239364,0.7277217241741536,-1.0,-4.2924231502430885
-0.9279817200884075,0.45890457534181484,-1.0,11.720606765450274
0.16827512175331938,-0.6907290608637147,0.1743656748659539,0.03362702411512508
0.5417834226030025,0.20441978976073405,0.3729650773293831,1.7585390979875064
0.6748078080019089,0.4991652534410709,0.27498006897411176,1.3492306845408493
-1.0,-1.0,0.27287987629752153,9.452573210138798
-0.44832973174015267,0.12665928368440182,1.0,1.5936552804631008
-0.8586263659317668,0.91345445010691,0.3461340223615932,0.9411925044947836
-0.9931927683507666,0.06356622104120957,-0.19195649182206465,-4.142819037289981
1.0,0.13162653856724438,0.26550739582920135,5.724027707859639
0.8027561776388143,0.4958848613975857,0.557986654512654,4.345217905920942
0.32324230725111414,0.505918328905709,-0.0026661600262574137,0.7923185322960761
-0.5241436114361755,0.820727035675022,0.3259274473869136,1.0876018776223597
1.0,-0.430131524982561,-0.2757634123715924,3.93220467257842
-0.9303396942159772,0.25126531340557534,-0.38080736436963836,-2.221033155320059
0.9190888072940864,-0.3901844081173571,1.0,2.5581294188154957
-1.0,-0.0285513180198278,0.09609538358686853,-4.776972309266909
-0.3843602276742082,0.18873791954758934,0.07296170589085293,-0.3054177969958769
-1.0,-0.9798744563365183,-1.0,3.3954861220281227
1.0,0.7533154454505222,-0.07486346849708281,7.840450341721769
0.9425495365743208,-0.7782670721166689,0.12361594176877944,0.4436837994319882
-0.4696595456901256,-1.0,-0.7423673986847406,-4.067133245208612
-0.37712868584605763,0.6107753068828752,-1.0,-3.915353125079678
0.5269335661195083,-0.04829184472588599,-0.036765929873660674,0.645472781286422
0.47685307398668453,-0.09030560350124528,-0.1895548551268571,1.2875467563542982
-0.24861554254165896,-1.0,0.7246859574443423,-0.5363907612838568
1.0,0.34421676612949814,-0.8208805621165283,8.235924224050134
0.9164672188989327,0.02305857198936745,1.0,8.680747453735398
1.0,0.1261028228189749,-0.8192658395768557,7.925004877449869
-0.3941127231538506,-0.9769623729969767,0.014598951084399125,3.1564670199491873
1.0,0.10777377392933762,0.9616038112103686,13.52997545222852
-1.0,-0.8623582841394768,0.6097740696642342,9.883913728616351
-0.3977884435979042,-1.0,0.49526908365509037,2.521041284064881
1.0,-1.0,1.0,-9.750960784161737
-0.401572205575796,0.8792658526454005,-0.5031173629804628,2.4296854292418892
0.5256282542261479,0.4275546780986399,0.48970320482356144,1.7051436233853008
1.0,-0.10303713855500707,-0.46831724852431145,5.02812264535964
0.653650800815359,0.2425419999935785,-0.7685599758984039,1.0174864371757233
0.15106617328753247,-0.3192047823578976,-0.26732693404057617,1.0217402936189772
0.24910619442513537,0.46182717047414346,0.08627367295915467,0.6831913718464214
-0.07532941166883167,0.21972122264861538,0.3396231992228511,0.2980089466905669
-0.014827984964658203,0.02361429640551882,1.0,0.8144743287664603
1.0,-0.18737854871215998,0.13190765754229727,4.188489331130999
0.877789744111193,-1.0,-0.942474800771318,-22.98617164995515
-0.35485749669991606,0.9559989411636343,0.6947676353898304,6.20275552902372
0.7430782726026155,-0.49203560314031347,-1.0,-5.682292849749816
1.0,-0.09065771160018765,-0.09062622629435046,4.582286985303964
0.13510201271316413,0.2656005551229219,-0.04035198525389094,0.9830502945851687
-0.06355132788034967,0.14131109358178384,-0.5875576723461213,0.3205560615941563
1.0,0.46749869109824194,0.2753185369993636,7.516709437277242
-0.5166340184761129,1.0,0.27716103433419104,5.482612279433997
-0.09036123997926215,0.2780944775288041,0.7535927421993962,0.3231110866296869
0.6248231803158442,1.0,-0.03519542118340735,7.317846801621674
-0.7662400557385529,0.8662897433196621,-1.0,1.0794160776263766
0.18688323763409276,0.2590710209793894,-0.4226398221362415,1.2002952433165615
-1.0,-1.0,0.19026190956532063,8.86678193945244
-1.0,-1.0,0.8808377255796498,18.826269613455477
-1.0,-1.0,-0.7972790384416311,2.5102424970377792
0.16522891539767293,1.0,-1.0,4.191568067999681
0.40083108234751696,-0.4078403069412737,0.9175238829353773,-1.6056311172711908
-0.2543027250074066,-0.5931522270607952,0.1349821524754955,1.098713377496806
0.9521143050203482,-0.06058944828628832,-1.0,4.626450389631336
1.0,1.0,0.2930684433569548,13.292863976364627
0.15065797940492165,-0.30442126030197025,-0.910347585864683,-2.1687194507005088
-0.9308059442502918,0.8565165187857833,0.4327398446571653,-2.1022483971609205
-0.7931045032170427,-1.0,0.9458519576703497,6.235692814682189
0.1590233919919839,-1.0,-1.0,-18.679832735620746
1.0,-1.0,-0.4088424770123833,-9.778232334432817
0.5013116652791825,-0.10985387214099251,-0.18142355070406335,1.1907699468600768
0.020296652630859002,-1.0,1.0,-6.703533578217217
-0.7362491792482271,-0.43509187765152624,-0.3511672067936804,0.027947029901231768
-0.8928227820604728,0.1726452807338854,0.8594789567379779,0.03310660990808961
1.0,-1.0,0.11795967779836691,-7.8879562744851714
0.20806520885380908,-0.9900499951748032,-0.12430015115736048,1.7261669818724819
1.0,0.43888149301933144,-0.6518628963895636,6.101111910626263
-0.019735356977087504,0.955636524961015,0.7187869016121509,7.1002808428974955
0.8464925490902162,0.015481623105993547,-0.954135052574747,2.51096787423442
0.058138012725777344,1.0,-0.29028393782812145,9.217738846226235
-0.93154581673187,-1.0,0.09790904242298515,8.453612237337436
0.024340016655698626,1.0,-0.9759071450992143,4.921317323809109
-1.0,-0.2568384479870722,0.35315597202821003,-3.1495845387066272
0.6284437382376482,-1.0,-0.14288807832645078,-2.1482211995892815
-1.0,-0.9673820375803557,-1.0,3.358805560471847
0.5594653988189648,1.0,0.0374927963606273,7.41728663117667
0.6339020699478135,0.11546524409753967,0.8573392550616674,1.0333758629756886
-0.5033206686681817,1.0,0.9975558068925467,15.368508426891276
0.08278362601663036,-1.0,-0.29973683100156956,1.0975881454974963
-0.8440749740050215,0.34682387381883806,1.0,3.177181134863082
0.7463486504464956,-1.0,-0.6329168927935556,-8.554643414787817
-1.0,-0.9445167516917181,0.8399033559993714,17.191675374759598
-0.07076831257570504,-0.19203547990084768,1.0,-1.286753018577926
-0.4559109060848736,0.9615177340410408,-1.0,-1.8029863615026913
-0.35513032671132416,-0.48440688141154875,-0.9312914054440562,-1.7475223354379026
-1.0,0.29080061206844476,1.0,3.8303038736503305
1.0,-0.00984396490415973,1.0,11.706852184036576
-1.0,-0.9054669750566882,0.9499650423529518,18.777932908791833
-1.0,-0.79179771850425,-0.058560345199563546,3.598911867417546
-0.9462137614772106,0.172552704749372,-0.6807849119933287,1.363418042406253
1.0,-1.0,1.0,-9.398560325957185
-0.13088987291598486,0.6535332449328277,1.0,5.628098396223249
-0.8147806942140543,-0.718473847420503,1.0,6.163302020894711
0.5377097625189047,-0.7423162087906445,0.9952836335443138,-4.755025897329369
0.3010331762453293,0.3012246012716404,0.45761973997282723,1.2777329582532593
-0.5989640478142082,0.638156047610505,0.5008027274550011,-1.3809605945977672
-0.15620272473870966,0.6751802841030794,0.10526619911050372,0.6372585618164384
-0.7169297306231932,-0.010225570673024542,-0.8219586238132004,0.6670547787995027
-0.6417189725806898,1.0,-0.7053738088849015,3.784197130780471
0.026640453774216644,0.4257264982482736,-1.0,-3.4525753117299036
-0.45399685138887214,0.9966694876660827,0.2289963797562915,5.8484976578611665
0.7105335423024084,-0.08150317015704478,1.0,0.908551977912154
-0.30806437113079843,0.42717845681050415,0.5431241613746822,-0.5011099715746857
-0.3220688403007208,-0.06648760168899792,-0.19717646604176853,0.19120559806251491
-1.0,-0.9006508744094379,0.23407287239797858,7.101507991343506
0.7384107059063827,0.003007414201955827,0.5004268457522674,3.21290425565464
-0.49821228088163405,-0.09484836311019595,-0.2950598327731573,-0.8984049959558598
-0.11870333214774464,0.016528786038011667,-0.9367485856255118,-1.0181773874452835
0.020310930823749906,-1.0,-0.4366102111298453,1.0569553856480942
-1.0,-0.05584506226028241,0.18307326486806108,-4.21147081317832
0.819715617761221,1.0,-0.9804424146116839,18.838750012213143
0.1327220386559298,-1.0,0.18212453408140705,3.0102191648529324
-0.5871860869375385,1.0,-0.7304394280952602,3.0823363250133426
-0.30465570334822867,0.6275372984041878,-0.3811501943695095,-0.8888675062089932
-1.0,0.7662366163913605,0.03828756565352487,-0.713686482796625
-0.30416189178435316,-0.6794014756844708,-0.08687710224390233,0.6340628966928045
-0.331850430502735,0.9624324032185785,-1.0,0.00867506291219633
-0.3575997838753906,-0.513686439609087,-0.3447405322655721,0.7570311424423426
0.16608211433545073,0.25664492892018487,0.25132845416783023,0.37148882232086766
0.14214124495633973,-1.0,-0.31029955680711807,0.8986935785055783
0.12818451167787637,-0.17047450540246634,1.0,-1.2045008454635857
-0.9451088228263003,-0.08234159797547114,1.0,3.647360461231443
0.13882202206297456,0.9106268450431414,-0.4945903164098211,5.116357279681585
0.4590050054420647,1.0,0.40835853320120075,5.686236699682966
-1.0,0.9514610692713823,-1.0,20.75248156215359
1.0,0.3595357387082716,-0.7627360977296311,6.154553713009111
0.8160691412308427,0.3549419780273262,-0.04096903657975126,2.089683183896611
-0.9265075798623907,-0.6882586080639774,-0.2688442855137363,1.2681611973886318
-0.22517643364681184,0.8823020949856033,0.021625555933041163,3.2148500688333117
-0.925672560254724,-1.0,1.0,14.350834656104018
-1.0,-0.42626845447844275,-0.7232786309628532,0.16507474149664247
-0.32523033942657764,-0.7370103758350863,1.0,-1.2524785286679545
0.07762578806131115,0.1956039699102674,0.07369749480273446,-0.02758130946961712
0.1934716611203533,0.4158416868475301,-0.63477166883944,0.8687858421094755
0.2602468219305192,0.6793770077413468,-0.5816308017690883,1.094036064793485
-0.4209720331791029,0.3364756634014838,-0.5048036114129504,-2.017519239064163
-0.3005027390280046,0.21930985719154417,0.04837376707704433,-0.01857274803747394
-1.0,-0.6361902477847561,-0.18249524047205323,0.13287498092949435
-0.1444493605312136,1.0,-1.0,2.563225545747803
0.14396388273357852,-0.7156462549822358,-0.5440579854194929,1.317220893949389
1.0,0.257276874013846,-0.6273741102232331,5.397951750493171
-0.11152947540077451,-0.9022251216455726,-1.0,-12.341683000222414
0.1683611272580372,0.6540518297473155,0.5572045329878541,1.4996273439302903
-0.6408879660020348,-0.940203618745779,0.5747555145167424,3.3800350095872402
0.08664363613138848,-0.2470474316257325,-0.7657537187219357,0.41925623893753206
0.02356369143028747,0.01736741032921052,0.30860766991599564,0.8858637578822455
0.4014493393458951,-0.2364964601885935,1.0,-2.0350085356809076
0.3788851663968422,-0.4115893399175643,-0.3903210512019597,0.7757784105230202
0.06870309899574578,1.0,0.5046497795100298,8.17604206796746
0.7343138932735855,0.6887266400328469,-0.8335263665343109,2.3351746336534056
1.0,0.05509351007441099,-0.8141750631025966,7.074347899966977
-0.4206869847093828,-0.23460929276597087,-0.1281152183355898,-0.28052845363286916
-0.6806470947080543,0.9993546106505913,-0.8644807106303767,1.5547947016765158
0.4999605605351036,-0.03262666601659192,0.22577458689695384,0.771363161160868
0.3716027307063452,0.2042065010396772,1.0,0.6174500850101846
-1.0,-0.11909921653762234,-0.1356890104425248,-3.9743443565553034
0.713791290441619,0.3925571824960734,-0.9534609579903892,0.3793371344565047
1.0,0.46320029752359604,0.8944286472091179,17.330980616346462
-0.30849234228069466,0.47860004432778647,-0.9509713450619377,-3.088864834850826
0.5324859502329164,-0.03716255973522786,1.0,-0.5493254077262427
-0.17493759308228052,0.4813958341073461,1.0,3.741218241264787
1.0,0.23147230766933347,1.0,16.79495077040458
0.44939194861641685,-0.016727550994859897,0.6955304399499538,1.7745458219182768
0.33410839108739987,0.019098667122071422,-0.8804720548344727,0.6598447616882788
1.0,1.0,-0.03468409502952907,14.448109863775755
-0.35244401202899156,0.01676155172199323,0.015166659344754363,0.978307483660636
-0.3487765679868262,-1.0,-0.9448422768096811,-10.681172459365653
0.4679212080923456,1.0,0.20987355641725203,6.469442918556481
-0.9902857022713856,0.4432210432254544,0.16481964023716666,-4.152874078174827
0.34831779133338703,0.7072675260580326,0.04883088550906023,1.4513207370316143
0.06366188609353962,-0.6557006103305201,-1.0,-7.770431875406967
0.5030188496987447,0.6228735523342712,0.7554731070325595,2.107888859465494
-1.0,-1.0,0.6244576524129883,13.599178336785211
1.0,0.2823199277302091,-0.4558867718191635,4.892220097992821
0.21496141135337843,0.6564948653839686,-0.08359882989172918,0.77201876847444
0.5717053414201494,1.0,-0.28174772103437706,9.101836078171193
0.017640093982337568,-0.5210402805999381,-0.7334335416891888,0.5397814367833816
0.5067925044189627,-1.0,-0.07238576061525803,0.04133132423661558
0.6457943775100827,1.0,-0.9955601874403341,10.054366611501134
0.5885208027408251,0.1090162221910913,-0.30343855642965867,1.8953611554232945
0.8954409825714782,-0.08625547792593258,-0.2143642705292812,3.1391074936484715
-0.32295249677769444,0.7341945580440941,-0.20496773069932828,0.24310694173257882
-0.5243149193117769,-0.04510300567487624,-0.0038301185390745562,-0.6398866291619904
0.5793371320456466,-0.8562103076053689,-0.6585615865083678,-1.6793199428342807
-0.12340187433815508,0.4648538341851538,0.7302502530644965,0.21349206330654497
0.35484457304562045,0.3129095431565456,-1.0,-2.4859442062506494
0.4015738507068962,-0.4682438713022825,-0.38276540653214974,1.8596061250481741
1.0,-0.46041710819668635,-1.0,3.23653259247609
-0.008619515055714455,1.0,0.28283245083448505,7.638104092721535
1.0,0.13650979218308779,-0.6144159643727802,4.772172204205479
-1.0,0.4833822515790054,-1.0,17.567236206632487
0.3274861156121347,-0.19283115753109126,0.533092187558956,0.41081113930505525
0.3422347439223119,0.46570002589788917,-0.7939389700739818,0.8352915840826767
-0.7536671284998271,1.0,-0.24299527494122253,5.158841261075758
0.6409075234198418,-0.732519889353912,-0.5762957320549082,0.16883332900289943
0.669873419011124,0.4693799404712313,-1.0,-0.9721075036816534
0.13767366462729536,0.4258183395545918,-0.07956564711000702,0.25849886291580043
-0.13045691540945015,-1.0,-1.0,-16.22834445453531
-0.258066932496005,-0.7623411410127052,0.7134164550372437,-0.40515778073131303
1.0,0.3717881341167253,0.23374248303210554,7.012321888881573
0.3059197413499979,0.007140135829853955,-1.0,-3.263657397251381
-1.0,-1.0,-0.19526574613792258,7.011389361552315
-0.35510471542039057,0.032329388418616434,0.46283152949014705,-0.10220791394114684
0.21945233844704237,-0.004132583626801356,0.5033230612742763,0.3960967238917013
1.0,0.38915346451504274,-0.3363111233916858,5.272120496938922
-0.18019656449736554,-0.31442153977919696,-1.0,-3.4576802387603602
-1.0,-0.7673803991768726,0.505212343259585,6.49047564946904
0.07509983092867611,-1.0,-1.0,-18.780923292141182
1.0,-0.9661170830938799,0.9198115623385876,-5.910349696142143
0.5992128475541527,-0.313891181448249,-0.19272173030243867,2.1512448351296602
-0.7420855720841053,0.42974692652083424,1.0,3.646592802839419
1.0,-0.7587034829047756,-1.0,-5.8143728552091964
0.4960420389150255,-0.6592766886219281,0.8515212603511,-2.2617207439246227
-1.0,-0.7634996254532402,-0.545496818132039,2.230635678888458
-0.3554864833748652,-0.43665305641297825,-0.49946379494479975,0.6812449266181478
0.449171501259205,0.2671637840416641,0.7659835194953484,1.1563817631512747
0.06631943380156402,1.0,1.0,11.899930710932177
-0.6262954885400855,1.0,0.971709931134892,15.128564434634368
0.8342184156041339,-1.0,0.9120432773873113,-5.9118667126276545
-0.34113543200840435,-1.0,-1.0,-14.196344349938848
1.0,1.0,-0.2304022084659989,16.458772312780223
-0.337536475017167,1.0,-0.4083497438457264,7.513040987147125
1.0,1.0,-1.0,39.31137358728209
-1.0,0.6385123218658553,0.09614578737193336,-2.7431220378342567
-0.1506338139046115,-0.6413617783302878,1.0,-2.1085056386445014
1.0,-0.7681801937336832,-0.46631161626525874,1.8602720830055817
-0.446286463561377,0.6098972736238379,0.9618860785085743,4.0812834529372735
-0.13794955776526452,-0.9781986248617893,-1.0,-14.31363222794118
-0.06085040687588572,-0.9341280409702013,0.48009307058427164,2.2280499053530334
0.34591299790172103,0.2566926808756347,-0.8573488283120501,-0.20325074738166893
-1.0,0.8019132815888765,1.0,11.278780326390885
0.2677495144523765,0.44070423137726333,0.4779548357525434,0.3332616248931469
0.5621660591901312,0.5162696407350329,0.27320438519875867,1.1135129958852938
0.6859026817740186,-0.8239215369404866,-0.24654115894056305,0.4702554092057998
-0.4992748605897239,-0.9139235186971524,-0.8714761600320138,-3.7365721323032686
0.44334746176575335,-1.0,0.45568808245954306,0.35609070477608995
-0.33418507339365844,0.11836445419660002,1.0,1.4045162238819524
1.0,0.6108354417647208,0.7027242085901195,12.86121269824967
-0.4544419714176364,-0.8525189522046923,0.676309524068331,1.80479903387445
0.54015353756268,-0.2955325598614431,-0.18784952786677822,2.0787605217113314
-0.008567130221494912,-1.0,0.3326006366886267,2.42100200707427
0.3277240373164094,0.06948678513764772,-0.3583485878550634,1.4542908407388015
-0.0014238891710609547,-0.5742135578057463,-0.45703042771376956,1.1716757721396172
-0.6184320769366329,-0.437428412581911,-0.16940442396708977,-0.4285716172916887
-0.3003852229426438,1.0,-0.8222616740034252,6.038778620149219
-0.4446312212503343,-0.8724768710330191,-1.0,-7.623600764658179
0.896324629333024,-0.31698622059943626,1.0,3.180769573530544
1.0,-0.13200636246230268,1.0,10.008041179552094
-1.0,-0.489763745681812,-0.38408675663595204,-0.3841376239498312
-1.0,-0.09778706666932013,0.03843768063553288,-4.731109117644043
0.9932450889107727,0.17064730481902246,-0.5005595295579632,4.260851179390022
0.4956327142383623,0.25981634288543565,-1.0,-2.9805153906042663
-0.015540018988845716,1.0,0.5865089147267055,8.66776252786207
-0.1091477536697889,0.8072687911568912,0.5840083525315238,2.965514518338764
-0.012663421539178543,0.04393211607353131,-0.21511344639092256,0.6845450175661951
-1.0,0.3249479800581252,0.8150286649347926,-1.6571108485534793
-0.1020062419740817,-0.9194764497873207,1.0,-4.824742951937553
-1.0,0.8451680695283743,-1.0,19.94524150821733
0.04042252210644026,0.21010845669490896,0.006613127855866541,0.613998046097466
0.34538456220811575,0.165913164338501,0.04908219123139612,1.3988528450273048
-1.0,-1.0,0.6070696575221513,13.936819276942536
-0.18082952009963238,0.08679597068418232,0.4820561035909261,0.13316112034531485
0.03601579624028339,0.32125391084353616,-0.3783421526686126,0.3508675030224593
1.0,-0.06581430463540516,0.3249130321814375,6.520923881417179
0.4826876989657958,0.49279777914273315,-1.0,-2.820250581822973
0.5820534307009031,-0.8855873547796129,-0.549826741547566,-0.8895552334881224
-1.0,0.5813386519159816,0.12986669082004676,-2.9470189906408244
0.3578762319062456,0.6475902046162654,-0.48602955001673953,2.012168214158558
-0.34713510978503126,-1.0,0.2373992744014044,3.52049686186539
-0.5925423298148271,0.7262046837696705,1.0,8.2036261346084
-0.7465402664793304,0.9490744623501872,0.694638462776302,2.9823062584513544
-1.0,1.0,0.10808628319937896,7.263157539821591
0.3036588004527858,0.29350124354808393,0.6726483551661224,1.6067981104281466
-0.6668460356344574,1.0,-1.0,0.8519369378296264
1.0,0.8032304684099798,-0.002717731507009047,8.870903127255774
-0.27860200796945067,-0.054100123084970475,-0.08820199178997146,0.26068901672766015
1.0,-0.39131979114366544,0.6013996423984878,5.6746758147079515
0.23752892254289448,1.0,-0.8907243209801565,9.348561511757728
0.6976917982449424,-0.38672161047497977,1.0,-2.0981875476989424
0.6971660298154034,-0.3609142778570267,-0.5516123235886892,0.7157378655620844
0.3518842961237132,0.5082116125637333,-0.27432708317749466,1.4494364492898788
0.254932669970533,-0.3877758991828737,-0.30930613456572553,1.1337693290797288
-0.4531243054260057,-0.6983136148343803,-0.1868557874567529,1.3944112790656702
-0.4510531096816077,0.03320968868474128,0.19179396299330387,0.1157197049132932
0.08026234806304733,-1.0,0.06804803612174881,2.0252398404750114
-0.11930162204394934,-0.41602579109214255,-1.0,-5.0748335448180635
-0.5887908967528923,-0.9396535621798054,0.5637973325003716,3.4046905336385103
1.0,0.7165226803903659,-1.0,16.850461639333126
-0.8274815711305614,1.0,0.7770120703012977,4.4744666945671785
-0.43032559962295003,0.4227644167621549,0.14962053471625092,-0.9689422765772747
-0.9070536640898696,0.003996194322637203,-0.919855122976958,4.96693989717209
-0.7387397454518303,0.58991496138741,0.055930472538651355,-2.5529030980888603
-0.18166457066563768,-0.9523713104341429,-0.9331581542007024,-9.59696347506218
-0.06706205519133412,0.4305319049377643,-0.4466293347986161,0.780749727312082
0.16262861529157946,-0.23848248874021527,1.0,-1.7961500989811032
0.5310075103618022,-0.009478465237358291,0.5698559774091745,1.2111441377136838
1.0,1.0,-0.90160528335601,34.578369687210895
0.8149732515630772,0.8984980735065005,-0.23582381448302847,6.71865962169777
0.9143703629420064,-0.2517397578966287,-0.2902003525950976,3.3726886819537385
1.0,-0.816515053274611,-1.0,-7.972328744130743
-0.18846895255223295,0.8865935302420038,-1.0,-2.2160975159273573
0.19100628739535197,0.46688502341798577,-0.09102204733326458,1.2112755628590692
0.43582787047746074,-0.70268533285503,-1.0,-9.012873235548284
0.3530533976164718,0.4601464845151846,-0.2991484971814313,1.4356179787933643
-0.6219313223484546,1.0,0.42689700007511666,5.0614365969985995
1.0,0.29009999300320066,-0.28309576055536034,4.249977214822924
-0.46228769092144684,-0.19632761623009554,0.4028247409332022,0.6736989263918495
1.0,0.13917790549983788,0.5102553990166365,6.789029756646315
0.41956017513633737,0.45395979473446824,-0.43390273434468996,1.3487724891179216
-0.5506186391740127,-0.17321929700841832,-0.33469784880159503,-0.2443179245085136
0.12639000783006304,0.38172787100978245,0.2848737056232611,0.8552534658439692
0.45520894240378373,-1.0,0.4223834516566012,-0.30627765141308505
-0.11488271480089907,0.5869651921802526,0.05665716138935739,-0.2539003664740962
-0.1381214138000768,-1.0,-0.3720264971629459,1.6715744819059237
-0.15494120649574028,0.48107533988351614,0.07924225287010978,-0.25889062843211946
-1.0,0.11808423495498666,-1.0,11.761952613985269
-0.422862368760792,0.2608639650519524,-1.0,-2.0354620052884327
-0.6246359597175726,-0.03532812994615919,-1.0,0.9566223955049004
-0.4988127245339702,-0.9253492901184093,-0.2041053931082235,3.1145853802026964
0.8483521150324427,-1.0,0.3948831432984641,-3.732837768869613
-0.03739601930800651,0.1591762435948505,-0.9905986708608481,-3.0539963196661226
0.19943412966948482,1.0,0.7122104202794477,9.220953551922705
-0.15135659973199012,-0.38997529630002714,-0.17687080836660063,0.6120545924280052
0.4770196040200205,0.10300531916037259,-0.9205979412047844,-1.701914195178114
-0.9321438103677753,1.0,0.09176095119762295,5.192506107543561
-0.06718558461307578,0.3946474281300574,0.028482376894315875,0.0667279761914448
-0.1376865446242066,-0.9527675110315661,-0.4598657121727363,0.9925897533979452
0.36977076529399366,-0.8490607176496143,1.0,-5.686567929534023
0.44325389013255556,0.4259647216681193,-0.7388286050005273,1.0996181193483925
-0.2679709793143983,1.0,0.6735349431007762,8.075382434955266
-0.3462389912580859,0.3688619728538167,-0.14920386648821182,-1.6298422570157847
1.0,-1.0,0.16051238099753884,-7.587428009896895
0.41614901544423577,0.23920454691094206,1.0,1.2241832802215542
-1.0,1.0,1.0,17.64620465169997
-1.0,-1.0,-0.43823197993608765,5.366114735368587
1.0,-0.35291443568323144,0.009018310010879826,3.260541776285054
-1.0,0.6643919181090345,-0.9656159797560737,16.67780347112688
0.2533146798916992,0.30159457281039725,0.7749042666323764,0.1808284653947605
1.0,0.05776927048230829,1.0,13.91124516036517
0.3072001928854249,0.5628801134069499,0.21490258290193265,0.6075446243620066
-0.5007386579575663,-0.5307334535218384,0.07024064346609804,0.33104570651792886
-0.38749188298515147,0.37816050011256164,0.12931619021731855,-1.3901787803847974
-0.4430612592582468,0.41813700139657284,-0.2999472573432387,-1.292515785392356
-0.7371351355402547,1.0,-0.5580067959079809,5.287168160250225
-1.0,-1.0,-1.0,3.788517450604119
0.745326722944784,-0.03313639968451265,0.0777952314613295,1.6352918861679497
0.5160649097870835,-0.4191096214935204,0.6134826171034908,0.8071261783434066
0.41099356860075176,0.1415067154203571,0.8048001613849718,0.5121134074089778
-1.0,0.24178102239749588,-1.0,14.540725484322115
0.49266506542359423,-1.0,1.0,-7.092281833084935
-0.7119961096046583,-0.05549921607680952,0.3282456056603891,-0.8452096881125349
0.4615998286714065,-0.6723386833286484,-0.9683353461364392,-6.810645558256803
-0.5365345215292947,-0.1770680531277029,-0.676647203196957,0.36765090468775274
0.29969890310504455,0.6796579337464332,0.5478417682576575,1.4212590287202866
0.4209935622951244,0.10850482507422865,-0.2522503700605121,1.4852413468776091
1.0,0.6617268247430275,-1.0,14.83694313591327
0.5031013377246092,-0.14080560347865068,0.6706978000759842,0.6476060055780843
1.0,0.3046383992765327,1.0,18.715496279332545
-0.8689648184712111,0.5076774509290569,-1.0,7.0196068503643945
0.5928738540807463,1.0,0.5125268134491376,6.443885556444802
-0.5165186252547165,0.4696483591067462,1.0,3.3475375430417484
-0.18323624395182847,0.717108254646571,-0.4580891476664233,0.20815929321791565
0.8052887825456922,-0.24613649162543472,-1.0,-2.071859145501414
-0.9484103114974323,-1.0,-1.0,1.0604195474073634
0.29857598904043536,0.06431887305714334,-0.4333799152840079,1.2170106863091659
-0.538484094202534,1.0,0.628053404001736,6.3814206155342745
-0.23310217722665882,0.13049402979740243,1.0,1.5629530821052389
-0.6369586356190828,0.5768768853064679,0.0742063214801909,-1.749037705526963
-0.7446292243471975,-1.0,-1.0,-5.9864798063487505
0.867681510746904,-0.19431797392682726,1.0,3.393212914433254
0.1376320455623823,0.010509422646162836,-0.15818273195058286,1.0288894441646108
-0.4441152199026661,-1.0,-0.08788976682683058,3.6669975095636236
-1.0,0.49906725709658617,0.6090362333629629,-4.254208308416158
-0.11543374995316769,-0.22746382302815404,1.0,-0.5636055686741228
-1.0,0.6998151185602748,-0.29713492086532445,1.351867147761177
0.5894049461335469,-0.04722810812904621,1.0,-0.0974658442481793
-0.23742608531136478,1.0,-0.11276303512673636,7.6976517409865375
0.7465991961430358,-0.5687788913060516,1.0,-1.7346247595293698
-1.0,1.0,-0.7130381584683345,13.7706615503928
-1.0,-0.9688299689634183,-1.0,4.266491645011786
0.9449690672312405,0.2806575219438765,0.6570386656408453,7.414744685832639
-0.8081527055784483,-0.5862995877824668,-0.1934891126934899,1.0777987348183322
-1.0,0.11558474297892918,0.07181444431578243,-4.286326049911151
0.033448231267969364,-0.7720160535363656,0.22652050309557548,1.6100347602305278
1.0,1.0,-0.7504847982345173,27.62153625258794
-1.0,1.0,-1.0,21.066622400782556
-0.6564811284656433,-1.0,-0.1366316239447034,4.12124360956496
-1.0,-1.0,-0.1415666095171113,6.647725009361799
0.09376661679276999,1.0,-0.009283721132912204,8.15108592580905
1.0,-1.0,-0.6297704956607288,-12.375813946529943
0.0704323303357608,-0.2310301926253564,0.6912053528147779,0.17592674547547707
-0.47146824156932543,-1.0,-0.4017668210780849,2.418762546527961
0.8867986647426713,-1.0,-1.0,-28.903469147715608
1.0,0.39386458891857856,0.12368923670118437,6.54216042121413
0.5613382005698051,1.0,0.4441156949340319,6.773569155416592
-1.0,-0.5724179569955725,-0.38479789720022106,-0.20248256355694977
0.49551444052564864,0.5995017298853227,-0.3423129848098265,1.776568271365266
-0.5045401308110535,0.6297692956258509,1.0,5.899126590103474
-1.0,-0.8799687593381078,0.8857944918717437,16.02922094816974
0.8574339907990258,0.8150846769488398,-0.5077359158456054,5.155190514708157
0.009863623656237275,-1.0,1.0,-6.592390108832511
0.23312341520105084,-0.0011876859463544331,0.9924318458798724,-0.1839221454424493
0.258033823250831,-0.13927488377524422,-0.5483822606079949,1.3828792791848687
1.0,0.14695439286926182,-0.22281501731699693,4.800853932014281
-0.11087808700045998,0.8369466910760268,0.14624697084431526,2.263691963033081
-0.8110788793756147,-1.0,-0.32022732022541645,5.543464011468509
-1.0,-1.0,-0.43747122082410295,6.101623668912592
-0.470086022511673,-1.0,-0.08280001902670286,3.17423755412333
1.0,0.772311520687059,0.13399053409064998,9.035685799472901
1.0,-0.22192281080801268,0.5154295712493497,6.0820671654461895
0.5774048609867048,0.05823980695234576,-0.8590175834846678,1.0035608516429377
-1.0,-0.19349686654978915,-1.0,9.015672946829381
-1.0,-0.21380692590808392,1.0,4.7078049012720475
-0.7620065253911705,-0.6702946306587736,-0.2149612515022996,1.7811989670369794
-0.7147337802453395,-0.8175827931534478,-1.0,-2.1397401089650367
-0.282080109257556,0.27917712525068183,-0.7034074163249067,-1.3937677069081442
0.08567523233351682,-0.03699979293487199,0.6808241231318648,0.6366185106381994
0.22708973625554352,1.0,-1.0,4.65933132306476
0.27635029239182196,-1.0,-0.26320957931670996,0.5867081073684124
0.13538838277133114,-0.16770037189075326,-0.6704633608560973,1.8049472089404974
-1.0,-0.10644346092943335,0.5486024647631618,-2.4392483806814167
0.01626414470231974,0.35219292380649714,1.0,2.051684754982305
-1.0,0.8459191185975707,-0.016379323771600562,1.0058238727262032
-0.2464247285075971,1.0,0.7727956033583134,9.484931575345248
0.3793329320803067,-1.0,-0.2703123302895478,0.6365040500915558
0.037988699713008334,-0.7285718272484032,0.4337432776452197,0.7642514324672114
1.0,1.0,0.9795917459958059,25.368219177305935
0.5164830614885951,0.655516510689881,0.7793033192802947,2.300453560674595
0.044418457376594445,-0.33902807950622993,-1.0,-4.615086412141308
1.0,-0.9580198175014281,0.2786944195301937,-4.778267789719038
-1.0,0.13153160241854667,-1.0,13.41830832988765
1.0,-0.6958254036208185,0.12312590971111836,2.224221929741838
-0.22808235708732472,-1.0,-0.7015143632784968,-3.773749510216634
-1.0,-0.44786025883906744,-1.0,5.863483741681699
-1.0,-0.006876308836244016,1.0,3.014145117181039
-0.15585623062338283,-0.37011610719735066,0.047785637362940836,1.2394038571666313
-0.6126126579054303,-0.1299868582811745,-0.6908865946581924,0.5903515817585859
-1.0,0.9258268272940815,1.0,14.803675265912245
1.0,-0.8328453542709173,0.7177524810384899,0.878097373129021
0.7645707369220889,-1.0,-0.6801295854486886,-9.613138959806035
-0.4984423373451976,-0.9482476440852932,-0.7584909162717746,-1.9676270527064614
-0.7454124165537113,-0.5314041044685498,-0.1492107521301531,1.4911263786130435
0.4997377493062658,0.49655062684557216,-0.6747988842734394,0.507597643248832
0.2908365696372017,0.36600545686635066,1.0,2.1224703610414735
-0.585810966489136,0.9743772763409215,0.40881851078852427,4.240810607786261
0.7894980847853834,-0.25074651676174464,-0.15958764168286788,1.9807263686489138
-0.3028840730647877,0.16112904929761473,0.6308411112231216,-0.44080452902472955
-0.23989546893735625,0.09162624553496457,-1.0,-2.5007812091975365
0.2876683890271159,-0.037604922114990336,-0.4723892089500168,0.8934763189781503
-0.07288675045125914,0.9373070121925897,-1.0,-0.12681139733847113
-1.0,-0.8862437460940416,0.8708106885022413,14.991784918082825
1.0,-0.08305816283178591,-1.0,7.639705534207937
0.293928093804241,-0.6761653175373312,0.538760741865502,0.559471256720727
-1.0,-1.0,-0.037140883273403036,8.222944488830391
1.0,1.0,-0.2703018093358087,16.79620377419645
-0.567917773454953,-1.0,0.7780624687386741,1.3190502317789212
-0.6273316595821985,-0.5443327804629026,0.13529949869199687,1.000065722443152
-0.06674858936453965,1.0,1.0,12.720831352340197
1.0,-0.28323958637241153,-0.5675894034538262,4.533352267009034
-0.01897152940782143,0.061313532206210164,-0.4526946170666222,0.7206896801959931
-0.10689400422137685,0.7469633539610467,1.0,7.820293977275501
0.7214709193379079,-0.16788387590425713,0.21889965939914946,1.9543068918080413
0.2034804155393477,0.26220066896869,-0.6687683349396767,0.3197159629838323
-1.0,1.0,0.18498183446163585,6.122108483577504
-1.0,0.03175404167283591,1.0,2.74834596589801
-0.48218164750393,-1.0,-0.43565108934420715,1.7695448268966172
0.03965520047743376,0.6114956015765654,0.9313348319928783,2.3787178929742727
1.0,-1.0,0.28593995286207585,-7.502982211208305
0.34669686237029707,1.0,0.7601509581853498,8.601850048258143
-0.3003960825047336,-0.7015413055402488,0.5326111610490027,1.1690675653091431
-1.0,-1.0,-0.3960824503350717,5.694993843184286
0.6892468964028264,-0.4961432938042094,-1.0,-6.143457488410728
0.19634283327012803,0.354030124225716,-1.0,-3.2766364632189546
-0.7534452647726291,-1.0,-1.0,-5.220482295433946
-1.0,-0.32802990449967395,1.0,5.825476452091984
-0.7399653297651707,0.0600939124449984,-0.3042019021639848,-1.0830410549663032
0.19639156091659804,0.38071461229921044,0.09957769391975368,-0.04786099958882761
0.47178744906496184,-0.036244030385850445,1.0,-0.1837052822512426
0.4696547300142482,-0.19234680098102763,0.3968821632643864,1.3921488152890997
-1.0,0.25762054154762426,1.0,3.3225402486741515
-0.3683455001932123,-0.16025802353947838,-1.0,-2.045422411472201
-1.0,-0.2092910851764731,1.0,4.709002717896434
-0.5453529918084192,1.0,0.128191331144065,4.936056860631989
-0.03900709576966954,0.1961369327664202,-0.8894275376063436,0.042772496699674756
-0.3443035853909675,-0.16579342389775942,0.09947582101116925,0.9478016747885869
-1.0,-0.21384771557415028,-0.7171389128729835,0.30014399369602124
-0.6804693651461888,-0.10080694681713998,-1.0,1.3876460804548092
0.5724713097664436,1.0,-0.3054332281403185,10.40202423274695
1.0,-0.9765837206065511,0.08003058382547557,-5.785839711099361
-0.5892047674218406,0.45004397624537584,0.13048066017290205,-2.034439670179237
0.6133998554344511,-0.1470258683627963,0.13263340469392038,1.372879173177917
-0.08139822718025336,0.9881960628321438,0.042399050389393844,7.558302507579446
-0.5391354724170785,0.7988961871595563,0.11052889891426276,-0.40387154384894314
-0.41491978769545046,1.0,-0.5749299396189591,7.461098394422567
0.021128534731446935,-0.6563924735716236,1.0,-1.8972216535613116
-0.2326071818568216,0.6535302093759878,0.009234372955360115,-0.21375035047246216
-0.9061298094981298,-1.0,1.0,12.870238246767752
-1.0,0.6750444466773817,-0.05034714895765302,-0.05034203207828125
0.9675497060020786,1.0,-1.0,34.5729548177993
0.32701219692070493,-0.7505639889643432,0.6217666595797078,0.4667817282143155
0.4786100531744566,0.03400888453647344,-0.9536804761903475,-1.5320886121559438
0.4777185035069851,1.0,-0.47422325943919996,10.25107591509711
-1.0,0.5629700001242051,0.9922682166813324,5.316560620544188
0.4708640094709342,-1.0,-0.6243662077979542,-4.4109145244626085
-0.2506218086575518,-0.6853069590476137,0.6146987882739572,0.25306821702488136
-0.015494699548427526,-0.751172054500868,1.0,-2.6139078202074644
1.0,1.0,-0.15667874011728378,15.907916169401194
-1.0,-1.0,-1.0,2.1028162846183727
1.0,0.9681319762597955,0.5350146285505157,12.814520561655117
1.0,-0.45825292320257804,0.7395345297308966,5.288020591615944
-1.0,-1.0,0.43437348087159955,11.825852369367333
-0.45623612873910724,0.7762423492887189,-0.5688055556499687,-0.3701992166523542
0.24791972877044066,0.8219416276309475,-0.6604827664593977,3.3048204481841386
-0.8023577064566405,-0.6498621142271335,-0.7106222824871462,2.1201226557112625
0.8398437609338403,-0.04178921752692588,0.06015068617478203,2.4672167019013065
0.9890042969641291,-1.0,-0.2799413577744374,-8.77856127034909
-1.0,-0.006459945819570656,0.15182601475806035,-4.640274209662611
-0.9975499482818095,0.3695458861971863,0.8385634202081658,-2.489607859935888
-0.020157876379022,0.05171042138419568,0.7699837064852941,-0.7519607417615372
-0.7848094468921198,-0.48211215783482,1.0,4.035365178218171
-0.5113115332242479,0.404232145699841,1.0,3.706508624200921
-0.18136474191950525,0.2694327166269248,0.8195223664598339,0.13491258220879448
0.13799525070902718,-0.9395847765820635,-0.08400635943970602,3.0406105576598144
0.5678730316643283,-0.10062678876330966,-0.5376981717024596,1.4371818263694902
0.9829050556548788,-0.7483667434880565,0.18676266519604923,0.5455035519131497
-0.7909118604884644,0.7071789006942639,-0.3407044097480889,-1.6362069946367594
-0.984767747511915,0.44464411461519093,-0.20853503583400546,-2.9789886403257566
-0.6689732460826765,-0.15805258520079857,1.0,2.945498952985365
0.15024332340397462,0.05496319254835025,-0.801843972922611,0.17925198184409524
-1.0,0.606747806582246,-1.0,18.544844374614165
0.22774220828284397,1.0,-0.5618692063539967,11.04345796153657
0.6655308756339797,-0.4772376128505078,-1.0,-5.694474605090202
-0.08772149078957958,-0.12418517302895382,0.5765576989139025,0.61824484346276
-0.10745663412624906,0.4685390115972712,0.36960124917020387,-0.46000793988990035
0.33059685331836675,-1.0,-0.3350027556666304,0.7465256581039299
1.0,0.05985572710648723,0.2553293655377997,5.407558781181464
-1.0,0.49982749297519,1.0,5.311868950232828
-1.0,0.6361770523127217,-0.12990859017477008,-1.2695367378803482
0.8045344791688083,1.0,0.3100661178049702,8.685884402725312
1.0,0.6703197277832911,0.4079974354077973,10.218489479773408
0.5376671832918256,-0.6588150246467466,1.0,-3.6507668625862255
1.0,0.07393391534477134,-0.4031690193555424,4.658783050831452
-0.06937530627801025,1.0,-0.18533634360356,8.179841178561832
0.10162758436248498,0.03069140719079355,0.4755731531051992,0.3092163758389498
-0.006621729984841673,-1.0,-1.0,-16.77489909235142
0.09443858303297059,0.8004939791781585,0.9538671222133717,6.730383538887663
0.27422910226331676,-0.9088812644713253,0.015390892235533471,2.2311312149055715
-0.8653414091477212,-1.0,-0.07839108812783357,6.648994755032337
0.7516614185029793,1.0,-0.07783900239751751,8.616753138325175
-0.011099543731453831,0.0302254991018307,-0.6372195567428309,0.7904614716102404
1.0,-0.4556700856977236,0.03835491874152397,3.545841788051184
0.14226495984019194,-0.6979385299498682,-0.11512970403497969,1.0802459409845566
0.6451951883995184,0.08352115132471227,1.0,0.5107543840504585
-0.19363982654809586,-0.22135942166521638,0.017811478946205828,0.7322499705626317
-0.21957409250192783,-0.6323555778404286,0.7867757554843735,-0.3367107623533989
0.6355302639701055,1.0,-0.6780483913649495,12.172750953324972
-1.0,0.6633883150363513,-0.4656528428191642,2.141984944757483
-0.37322473324326677,-0.5009318297887679,-0.5794424646683591,1.3168244896752976
-0.13525725571451108,1.0,0.19927820543893793,7.738310658153025
0.022773755852031563,1.0,0.2050166411541805,7.79724168278778
0.08280293984296394,1.0,-0.9947250287009579,5.041432236707611
-0.6550901806705771,1.0,1.0,17.026106794108262
1.0,-0.2631387992858232,0.8184955789836894,7.551299227977159
0.38249468920694896,0.7602971473136082,-1.0,-2.4985442598208087
0.012068173280992411,0.09938820251595981,-0.04224497908559699,0.719222843187361
0.6650504333348011,0.7560613932438334,-1.0,-0.24028262740372927
-1.0,0.2995719834822601,1.0,4.152800953131107
0.20698503352108522,-0.3182363735952596,0.604534217593276,0.49284514649633493
0.04194080018197588,-0.013862362183001409,0.7914242034726304,-1.0786017920641378
-0.6184064693935358,0.40147601614843653,0.4560358200844876,-1.570167275785299
-0.7330143760297598,-0.14212873966662087,-1.0,3.224798160115974
-0.8980064003587425,0.5802581151267188,0.10029390500360891,-3.1171910234678015
0.427227696766064,-0.09742739848928794,-0.1553778518834843,0.8631837251290904
-0.8937384009560938,0.5341557229584479,0.9934852584608349,4.762551403237221
-1.0,1.0,0.4814946769923689,1.0877646319529641
0.3029440638596257,-0.6555255083609131,-1.0,-8.314462310411113
-1.0,0.46263023991231234,0.8469279774120431,-1.0735464758017983
0.17643998589815868,1.0,-1.0,4.717333108967592
-0.8063193044796746,-0.01534533769711155,-1.0,5.2304118588200685
-0.30756900924257513,0.9957749895420172,0.816484274344361,10.040741681917996
0.11056568449016435,-0.9704458423297435,0.7128066335719725,0.12469983414609409
-0.03903743175521024,-1.0,-0.9739511315343121,-15.315640235902093
0.3087488042249986,0.5101428942827211,1.0,3.4631135840416345
-1.0,-0.4867942711030664,0.3752972145539084,-0.29101442267425376
-0.505179225409401,-1.0,-0.009786590035292475,3.329184891093775
0.02340804728250334,-0.47780840749060616,1.0,-1.357949361869419
0.28004102637783945,-0.22459536813440772,1.0,-1.765521301341174
-1.0,0.38902689672950785,-1.0,16.434884065761
-0.7684740925999058,0.2230388096970184,-0.4020069851252308,-1.8426394678110365
0.010465634129149803,0.20401389693046568,0.6980613151621653,0.6534964034863426
-0.07721693331951185,-1.0,0.656304469732816,-0.37692839070647977
1.0,-0.9743422799474728,0.8301566120869104,-5.26381622183225
-0.7278652938136481,-0.8395568763983083,-1.0,-2.8250893844125047
-0.17967680465965552,-0.7678756714090398,-0.06395825002597433,2.368068053902339
-0.8523379528726549,-1.0,-1.0,-2.2941381210982446
0.8743621752016677,1.0,0.565620136931485,10.526901943849937
0.01169951136316194,0.599789685647834,0.9824166818404747,4.982948396677313
-0.024070829788762182,1.0,-0.6510954740494546,9.96497702112894
-1.0,-0.435939622274101,-0.3724553256540364,-0.8185718826156689
-0.4566533572088911,-0.24722672272919688,-0.3019701342454779,0.3272444178452101
0.06747261478080047,0.09731042737184192,-0.6186165459475912,0.9388462849685509
-0.09169641781124849,1.0,0.398154436351164,7.021973223641812
0.8457428890699714,0.3583188451149244,-1.0,2.86643213163962
0.08656223246237782,1.0,-0.13340020173974487,8.882692561314778
-1.0,0.8319894086251163,1.0,11.920883596723025
1.0,-0.36427957624874874,1.0,6.3968690655870635
-0.4962873272017332,-0.22863721632041045,-0.8981508546734305,-0.8317191404289672
0.6691158314651076,-0.8811998590851475,0.022149360570380416,0.08993832594659865
-0.047313127341253924,0.05550839786479678,-0.17607887430666924,1.0787806662828594
-0.12003378330260639,-0.659384202078384,0.4962474535949404,0.34563594725534236
-0.7853842726669447,0.09815156316468543,0.5541871259041213,-1.0873815589876599
-0.3548153691895224,-0.5987806614091717,-0.3211642421125531,1.6064964967894695
